,Artist(s),Title,Release
0,Anjunabeats Worldwide; ,Intro,Original Mix
1,Schodt; ,White Rabbit,Original Mix
2,Dana Bergquist; Peder G; Jody Wisternoff; ,Loveshine,Jody Wisternoff Remix
3,Scope; ,Strung Out,2009 Mix
4,L. Kubic; ,Voyager,Original Mix
5,Quarrel; Art Patrice; ,Feel You Better,Art Patrice Remix
6,Solila; Phunktastike; ,Light Step,Phunktastike Remix
7,Yuliy_Metelsky; ,6am,Original Mix
8,Above & Beyond; OceanLab; PROFF; ,Lonely Girl,PROFF Dub Remix
9,Dana Bergquist; Peder G; Apologist; ,Casablanca,Apologist Remix
10,L. Kubic; ,Casa Del Fauno,Original Mix
11,Martin Brodin; ,Deep Shit,Original Mix
12,Sidesmokers; Poze; ,Sugar Beats,Poze Remix
13,Ad Brown; ,Magnetize,Original Mix
14,Answer42; ,Pink Houses,Original Mix
15,Jaytech; ,Delta,Original Mix
16,Fast Distance; PROFF; ,Big Ben,PROFF's London Fog Mix
17,Orbital; Tom Middleton; ,Halcyon,Tom Middleton Mix
18,Stuart King; Jody Wisternoff; ,Caribbean Flue,Jody Wisternoff Remix
